<?xml version="1.0" encoding="UTF-8" ?>
<!DOCTYPE mapper
      PUBLIC "-//mybatis.org//DTD Mapper 3.0//EN"
   "http://mybatis.org/dtd/mybatis-3-mapper.dtd">
   
   <mapper namespace="mapper.board">
<resultMap id="boardsResult" type="boardVO">
    <result property="boardNO" column="boardNO" />
    <result property="title" column="title" />
    <result property="content" column="content" />
    <result property="writeDate" column="writeDate"/>
  </resultMap> 
  

  <select id="boardList" resultMap="boardsResult"   >
    <![CDATA[
      SELECT  boardNO,  title, content, writeDate
      from t_shopping_board		
    ]]>
  </select>
  
  
  </mapper>