<?xml version="1.0" encoding="UTF-8" ?>
<!DOCTYPE tiles-definitions PUBLIC
       "-//Apache Software Foundation//DTD Tiles Configuration 2.0//EN"
       "http://tiles.apache.org/dtds/tiles-config_2_0.dtd">
<tiles-definitions>
	<definition name="baseLayout"
		template="/WEB-INF/views/common/layout.jsp">
		<put-attribute name="title" value="레이아웃 페이지" />
		<put-attribute name="header" value="/WEB-INF/views/common/header.jsp" />
		<put-attribute name="side" value="/WEB-INF/views/common/side.jsp" />
		<put-attribute name="body" value="" />
		<put-attribute name="footer" value="/WEB-INF/views/common/footer.jsp" />
		<put-attribute name="quickMenu" value="/WEB-INF/views/common/quickMenu.jsp" />
	</definition>

	<definition name="/main/main" extends="baseLayout">
		<put-attribute name="title" value="쇼핑몰 메인페이지" />
		<put-attribute name="body" value="/WEB-INF/views/main/main.jsp" />
		
	</definition>
	
	<definition name="/main/Home_Appliances" extends="baseLayout">
		<put-attribute name="title" value="가전 페이지" />
		<put-attribute name="body" value="/WEB-INF/views/main/Home_Appliances.jsp" />
		
	</definition>
	
	<definition name="/main/Kitchen" extends="baseLayout">
		<put-attribute name="title" value="주방용품 페이지" />
		<put-attribute name="body" value="/WEB-INF/views/main/Kitchen.jsp" />
		
	</definition>
	
	<definition name="/main/Furniture" extends="baseLayout">
		<put-attribute name="title" value="가구 페이지" />
		<put-attribute name="body" value="/WEB-INF/views/main/Furniture.jsp" />
		
	</definition>
	
	<definition name="/main/Housegoods" extends="baseLayout">
		<put-attribute name="title" value="생활용품 페이지" />
		<put-attribute name="body" value="/WEB-INF/views/main/Housegoods.jsp" />
		
	</definition>
</tiles-definitions>


