<?xml version="1.0" encoding="UTF-8" ?>
<!DOCTYPE tiles-definitions PUBLIC
       "-//Apache Software Foundation//DTD Tiles Configuration 2.0//EN"
       "http://tiles.apache.org/dtds/tiles-config_2_0.dtd">
<tiles-definitions>
    
    <!-- 회원관리 -->
    <definition name="/admin/member/adminMemberMain" extends="baseLayout">
       <put-attribute name="title" value="회원 관리 페이지" />
       <put-attribute name="body" value="/WEB-INF/views/admin/member/adminMemberMain.jsp" />
    </definition>
    
    <definition name="/admin/member/memberDetail" extends="baseLayout">
       <put-attribute name="title" value="회원 상세 페이지" />
       <put-attribute name="body" value="/WEB-INF/views/admin/member/memberDetail.jsp" />
    </definition>    
    
   
    
</tiles-definitions>


