<?xml version="1.0" encoding="UTF-8" ?>
<!DOCTYPE tiles-definitions PUBLIC
       "-//Apache Software Foundation//DTD Tiles Configuration 2.0//EN"
       "http://tiles.apache.org/dtds/tiles-config_2_0.dtd">
<tiles-definitions>
    <definition name="/admin/goods/adminGoodsMain" extends="baseLayout">
       <put-attribute name="title" value="관리자 메인 페이지" />
       <put-attribute name="body" value="/WEB-INF/views/admin/goods/adminGoodsMain.jsp" />
    </definition>
    <definition name="/admin/goods/addNewGoodsForm" extends="baseLayout">
       <put-attribute name="title" value="새 상품 추가 페이지" />
       <put-attribute name="body" value="/WEB-INF/views/admin/goods/addNewGoodsForm.jsp" />
    </definition>
    <definition name="/admin/goods/modifyGoodsForm" extends="baseLayout">
       <put-attribute name="title" value="상품 수정 페이지" />
       <put-attribute name="body" value="/WEB-INF/views/admin/goods/modifyGoodsForm.jsp" />
    </definition>
</tiles-definitions>


